{
  "class_0": {
    "mu": [
      29.251809316698786,
      16.8735788887843
    ],
    "Sigma": [
      [
        47.760003662056725,
        23.270417945881142
      ],
      [
        23.270417945881142,
        49.56711594885772
      ]
    ],
    "N": 99
  },
  "class_1": {
    "mu": [
      40.197669164420205,
      34.28109098559455
    ],
    "Sigma": [
      [
        9.519095864552407,
        11.605775460832191
      ],
      [
        11.605775460832191,
        20.311167636714107
      ]
    ],
    "N": 100
  },
  "class_2": {
    "mu": [
      27.552325033938413,
      34.79318036545969
    ],
    "Sigma": [
      [
        14.109842331241465,
        11.893269049161388
      ],
      [
        11.893269049161388,
        25.543921134594974
      ]
    ],
    "N": 100
  }
}