{
  "best_k": 11,
  "best_accuracy": 0.7346938775510204,
  "k_values": [
    1,
    2,
    3,
    4,
    5,
    6,
    7,
    8,
    9,
    10,
    11,
    12,
    13,
    14,
    15,
    16,
    17,
    18,
    19,
    20,
    21,
    22,
    23,
    24,
    25,
    26,
    27,
    28,
    29,
    30
  ],
  "accuracies": [
    0.5510204081632653,
    0.5510204081632653,
    0.5510204081632653,
    0.6326530612244898,
    0.6326530612244898,
    0.673469387755102,
    0.5714285714285714,
    0.6530612244897959,
    0.6530612244897959,
    0.6530612244897959,
    0.7346938775510204,
    0.6938775510204082,
    0.7346938775510204,
    0.7142857142857143,
    0.7142857142857143,
    0.673469387755102,
    0.6938775510204082,
    0.6938775510204082,
    0.6530612244897959,
    0.6938775510204082,
    0.673469387755102,
    0.6938775510204082,
    0.673469387755102,
    0.673469387755102,
    0.6530612244897959,
    0.6530612244897959,
    0.6530612244897959,
    0.673469387755102,
    0.6938775510204082,
    0.673469387755102
  ]
}