{
  "hypercube": {
    "best_h": 2.8000000000000003,
    "best_mse": 0.00109140201004976,
    "h_values": [
      0.1,
      0.2,
      0.30000000000000004,
      0.4,
      0.5,
      0.6,
      0.7000000000000001,
      0.8,
      0.9,
      1.0,
      1.1,
      1.2000000000000002,
      1.3000000000000003,
      1.4000000000000001,
      1.5000000000000002,
      1.6,
      1.7000000000000002,
      1.8000000000000003,
      1.9000000000000001,
      2.0,
      2.1,
      2.2,
      2.3000000000000003,
      2.4000000000000004,
      2.5000000000000004,
      2.6,
      2.7,
      2.8000000000000003,
      2.9000000000000004,
      3.0000000000000004,
      3.1,
      3.2,
      3.3000000000000003,
      3.4000000000000004,
      3.5000000000000004,
      3.6,
      3.7,
      3.8000000000000003,
      3.9000000000000004,
      4.0,
      4.1,
      4.2,
      4.3,
      4.3999999999999995,
      4.5,
      4.6,
      4.7,
      4.8,
      4.9,
      5.0,
      5.1,
      5.2,
      5.3,
      5.4,
      5.5,
      5.6,
      5.7,
      5.8,
      5.9,
      6.0,
      6.1,
      6.2,
      6.3,
      6.4,
      6.5,
      6.6,
      6.7,
      6.8,
      6.9,
      7.0,
      7.1,
      7.2,
      7.3,
      7.4,
      7.5,
      7.6,
      7.7,
      7.8,
      7.9,
      8.0,
      8.1,
      8.2,
      8.3,
      8.4,
      8.5,
      8.6,
      8.7,
      8.8,
      8.9,
      9.0,
      9.1,
      9.2,
      9.3,
      9.4,
      9.5,
      9.6,
      9.700000000000001,
      9.8,
      9.9,
      10.0
    ],
    "mse_values": [
      0.01104573309784371,
      0.005601639913838522,
      0.00364300294923114,
      0.0025768751627932704,
      0.002210341421638748,
      0.0020588332271648416,
      0.0019429885635802906,
      0.0017697060224140975,
      0.001697623575404082,
      0.00169685720534897,
      0.0015672260744106626,
      0.0015101674706802205,
      0.0014353657589992708,
      0.0013293290017162332,
      0.0012854303651586103,
      0.001265325617361536,
      0.0012169404788477996,
      0.00118919358718953,
      0.0011557122546866408,
      0.0011438721887139073,
      0.0011571599333445625,
      0.0011375544329835384,
      0.0011189137567236052,
      0.0011284096891848105,
      0.0011017611024153205,
      0.0011091045397033056,
      0.001096646853128873,
      0.00109140201004976,
      0.0011183067038637925,
      0.0011491180826403618,
      0.0011517092282495828,
      0.001151035371519392,
      0.0011687231705585764,
      0.0011792804594769116,
      0.0011795188519090189,
      0.0011879035245957543,
      0.0012192909323045149,
      0.0012406985559238236,
      0.0012615741123990338,
      0.001282047779446431,
      0.0013222991480676236,
      0.0013375080012214583,
      0.0013662300974370053,
      0.001402182790548143,
      0.0014350622877878057,
      0.0014603893702524475,
      0.0014917291803394706,
      0.001531279127644107,
      0.0015553921181658964,
      0.0015948464879446496,
      0.0016361625198519842,
      0.0016661142096122807,
      0.0017016592966231927,
      0.0017427037163911005,
      0.001786567037692712,
      0.0018250145615117945,
      0.0018661882865079961,
      0.0019096744542710922,
      0.0019515675239670364,
      0.0019981993995095365,
      0.0020428751283971067,
      0.0020891501511311494,
      0.0021385322825836295,
      0.002198257536126686,
      0.00226148683683243,
      0.002312642070940928,
      0.0023673500753039933,
      0.0024285528758588334,
      0.002492536373465221,
      0.002550307019895404,
      0.0026104901633878853,
      0.0026703676887052867,
      0.002734253035511119,
      0.0027961517791419642,
      0.002858668064391874,
      0.002925935214850694,
      0.002992603490308499,
      0.0030553871356817797,
      0.0031233912743993974,
      0.003194603111471728,
      0.0032612639453123912,
      0.003331033996609447,
      0.003400507367311402,
      0.0034728574122435975,
      0.003543793179502831,
      0.003616954637981045,
      0.003689246472848037,
      0.0037619623115898175,
      0.0038356733100723918,
      0.00391369204588131,
      0.003989416269588691,
      0.0040621627130315655,
      0.004138867142550556,
      0.004214293043818393,
      0.004290205204072925,
      0.0043639556016447185,
      0.004440671469232689,
      0.004518166561681817,
      0.004595068850032359,
      0.004672211701332679
    ]
  },
  "gaussian": {
    "best_h": 0.8,
    "best_mse": 0.0011311849761268288,
    "h_values": [
      0.1,
      0.2,
      0.30000000000000004,
      0.4,
      0.5,
      0.6,
      0.7000000000000001,
      0.8,
      0.9,
      1.0,
      1.1,
      1.2000000000000002,
      1.3000000000000003,
      1.4000000000000001,
      1.5000000000000002,
      1.6,
      1.7000000000000002,
      1.8000000000000003,
      1.9000000000000001,
      2.0,
      2.1,
      2.2,
      2.3000000000000003,
      2.4000000000000004,
      2.5000000000000004,
      2.6,
      2.7,
      2.8000000000000003,
      2.9000000000000004,
      3.0000000000000004,
      3.1,
      3.2,
      3.3000000000000003,
      3.4000000000000004,
      3.5000000000000004,
      3.6,
      3.7,
      3.8000000000000003,
      3.9000000000000004,
      4.0,
      4.1,
      4.2,
      4.3,
      4.3999999999999995,
      4.5,
      4.6,
      4.7,
      4.8,
      4.9,
      5.0,
      5.1,
      5.2,
      5.3,
      5.4,
      5.5,
      5.6,
      5.7,
      5.8,
      5.9,
      6.0,
      6.1,
      6.2,
      6.3,
      6.4,
      6.5,
      6.6,
      6.7,
      6.8,
      6.9,
      7.0,
      7.1,
      7.2,
      7.3,
      7.4,
      7.5,
      7.6,
      7.7,
      7.8,
      7.9,
      8.0,
      8.1,
      8.2,
      8.3,
      8.4,
      8.5,
      8.6,
      8.7,
      8.8,
      8.9,
      9.0,
      9.1,
      9.2,
      9.3,
      9.4,
      9.5,
      9.6,
      9.700000000000001,
      9.8,
      9.9,
      10.0
    ],